position,ref,mutant,mutant base,total reads,SNP index
51406,G,A,3,9,0.333333333
59101,A,T,3,9,0.333333333
59112,A,C,2,9,0.222222222
61001,A,T,3,14,0.214285714
161375,A,G,5,18,0.277777778
161561,A,C,5,11,0.454545455
161562,T,A,5,11,0.454545455
393574,A,G,2,10,0.2
465981,A,C,2,9,0.222222222
1076409,G,A,3,6,0.5
1076415,T,C,3,6,0.5
1330441,A,T,2,11,0.181818182
1435253,C,T,3,7,0.428571429
1435288,T,C,3,6,0.5
1544709,T,C,4,15,0.266666667
1567026,G,A,6,10,0.6
1613426,T,C,7,10,0.7
1613434,T,C,9,12,0.75
1613481,C,T,11,17,0.647058824
1982349,T,A,2,4,0.5
1982350,G,A,2,4,0.5
1982351,A,G,2,4,0.5
2010618,C,T,4,9,0.444444444
2246198,G,A,6,21,0.285714286
2443102,C,A,4,9,0.444444444
2470700,C,T,5,16,0.3125
2470703,A,T,5,16,0.3125
2755964,T,C,6,10,0.6
2757274,A,C,34,38,0.894736842
2757277,A,G,35,39,0.897435897
2797570,G,A,6,15,0.4
2939265,G,A,3,8,0.375
2979632,A,G,4,14,0.285714286
2979769,A,T,4,14,0.285714286
2979865,G,A,4,11,0.363636364
2979994,T,C,4,9,0.444444444
2981435,C,T,4,17,0.235294118
3094017,G,A,5,11,0.454545455
3120054,C,T,3,8,0.375
3165573,G,A,5,11,0.454545455
3165694,T,A,4,10,0.4
3209687,G,A,2,7,0.285714286
3248252,C,T,5,9,0.555555556
3390460,C,T,3,14,0.214285714
3390538,T,A,3,7,0.428571429
3391134,A,T,2,7,0.285714286
3617409,T,C,3,9,0.333333333
3695563,T,A,5,13,0.384615385
3695576,T,C,5,12,0.416666667
3695591,A,G,5,14,0.357142857
3697171,A,T,5,16,0.3125
3697175,A,G,5,15,0.333333333
3698678,A,G,3,10,0.3
3698904,C,T,4,12,0.333333333
3793373,A,G,2,6,0.333333333
4209042,G,A,2,5,0.4
4225376,A,G,3,8,0.375
4225439,A,T,2,6,0.333333333
4615913,T,A,14,15,0.933333333
4615929,A,C,22,23,0.956521739
4615931,A,C,22,23,0.956521739
4616596,A,G,38,44,0.863636364
4616618,A,G,47,57,0.824561404
4616642,A,C,31,45,0.688888889
4616659,G,C,21,33,0.636363636
4616693,T,C,6,15,0.4
4652168,G,A,6,10,0.6
4793319,G,A,2,6,0.333333333
4793320,G,A,2,6,0.333333333
4961369,G,T,4,12,0.333333333
4961378,C,T,4,10,0.4
5025520,G,A,5,18,0.277777778
5025537,A,G,4,16,0.25
5033594,A,T,4,8,0.5
5301450,C,T,3,12,0.25
5301462,T,G,3,12,0.25
5639355,G,A,4,11,0.363636364
5717224,T,C,20,25,0.8
5717233,T,G,33,38,0.868421053
5717262,A,G,40,47,0.85106383
5717296,A,G,18,24,0.75
5935534,C,A,4,15,0.266666667
5939666,T,C,2,5,0.4
6203385,G,A,2,8,0.25
6258375,G,A,2,9,0.222222222
6375866,T,G,4,9,0.444444444
6375887,G,A,2,8,0.25
6419389,C,T,3,6,0.5
6714740,G,A,3,8,0.375
6822955,G,C,2,4,0.5
6833722,G,A,3,8,0.375
6833727,T,A,3,8,0.375
6970310,G,A,4,7,0.571428571
6988623,C,T,2,6,0.333333333
6988656,A,G,2,6,0.333333333
7258057,A,T,2,4,0.5
7550080,G,T,3,10,0.3
7550116,T,C,2,6,0.333333333
7787563,C,A,3,7,0.428571429
7819267,T,G,2,8,0.25
7819295,T,C,2,7,0.285714286
7968090,T,C,17,17,1
7969005,C,T,5,11,0.454545455
7969069,T,C,3,4,0.75
7973936,A,G,2,6,0.333333333
7973986,G,A,2,6,0.333333333
7984034,T,A,35,38,0.921052632
8011525,C,T,6,13,0.461538462
8041533,C,T,3,7,0.428571429
8049876,C,T,2,8,0.25
8057296,G,A,4,6,0.666666667
8064499,G,A,4,6,0.666666667
8064507,A,G,6,9,0.666666667
8080854,A,G,2,10,0.2
8095728,T,C,2,4,0.5
8097003,C,T,5,14,0.357142857
8097006,T,G,5,14,0.357142857
8097980,C,T,6,19,0.315789474
8107696,T,C,3,11,0.272727273
8108085,T,G,53,207,0.256038647
8108129,C,G,64,250,0.256
8108166,A,C,3,6,0.5
8108173,G,T,3,6,0.5
8108211,G,C,7,24,0.291666667
8108212,G,C,21,25,0.84
8108414,T,A,5,18,0.277777778
8109833,A,T,3,11,0.272727273
8114068,A,G,3,16,0.1875
8115846,T,A,3,10,0.3
8115867,C,A,4,11,0.363636364
8119521,A,T,4,10,0.4
8120479,C,T,5,26,0.192307692
8126462,G,C,3,8,0.375
8129265,G,C,4,8,0.5
8132813,T,C,9,14,0.642857143
8152264,G,T,3,9,0.333333333
8152281,G,C,3,9,0.333333333
8152411,G,T,2,5,0.4
8152413,A,G,2,5,0.4
8153682,T,G,4,9,0.444444444
8238657,G,T,3,7,0.428571429
8238825,T,C,3,8,0.375
8323821,C,A,2,10,0.2
8323858,C,T,3,7,0.428571429
8409842,C,A,2,8,0.25
8619294,C,T,2,6,0.333333333
8721600,A,C,3,9,0.333333333
8721630,G,A,4,15,0.266666667
8747746,A,G,4,12,0.333333333
8747785,T,C,4,15,0.266666667
8804597,C,G,2,8,0.25
8804611,G,C,2,7,0.285714286
8838804,G,C,4,10,0.4
8838807,A,T,4,10,0.4
9050721,T,C,5,16,0.3125
9050833,G,C,3,7,0.428571429
9149409,G,A,3,5,0.6
9149756,A,G,3,12,0.25
9314970,G,A,2,4,0.5
9354636,G,A,4,11,0.363636364
9477394,T,C,3,5,0.6
9477663,C,T,5,14,0.357142857
9759782,G,A,6,8,0.75
9814306,G,A,4,9,0.444444444
9912121,T,G,3,16,0.1875
9913256,C,T,3,10,0.3
9913269,C,T,3,16,0.1875
9913702,C,A,3,10,0.3
9914750,G,A,4,10,0.4
9937904,C,T,2,6,0.333333333
9937911,T,G,2,7,0.285714286
10722248,A,T,3,19,0.157894737
10824473,T,C,10,18,0.555555556
10824636,A,G,8,15,0.533333333
10862892,C,T,6,12,0.5
10862933,G,C,31,76,0.407894737
10862950,T,C,29,79,0.367088608
10865815,A,G,8,21,0.380952381
10885372,A,G,7,7,1
11148058,G,A,8,9,0.888888889
11150121,G,C,4,6,0.666666667
11731163,G,A,3,7,0.428571429
12126328,T,G,6,15,0.4
12126346,G,A,7,14,0.5
12126364,C,T,6,17,0.352941176
12185587,A,T,4,8,0.5
12206324,T,C,9,19,0.473684211
12206329,C,G,9,19,0.473684211
12334356,G,A,3,7,0.428571429
12345148,C,T,3,17,0.176470588
12471174,G,A,4,9,0.444444444
12471186,G,C,4,8,0.5
12889287,A,G,12,16,0.75
13133746,C,T,2,9,0.222222222
13133894,A,G,4,13,0.307692308
13618368,G,A,5,14,0.357142857
13764695,T,C,3,8,0.375
13764718,T,G,4,7,0.571428571
13764760,T,C,2,4,0.5
13904548,G,C,16,31,0.516129032
13904553,T,C,16,33,0.484848485
13904567,T,C,16,31,0.516129032
13969839,C,T,4,10,0.4
14164118,T,A,2,7,0.285714286
14213883,G,A,3,10,0.3
14213888,A,G,3,12,0.25
14283077,G,A,5,5,1
14533733,T,A,85,105,0.80952381
14574764,A,G,3,8,0.375
14574777,G,A,4,8,0.5
14791978,A,T,3,7,0.428571429
14801201,A,G,3,6,0.5
14801208,C,T,3,6,0.5
14861357,G,A,3,9,0.333333333
15253704,G,A,3,6,0.5
15570412,T,C,2,9,0.222222222
15570437,A,G,4,12,0.333333333
15571986,C,T,5,13,0.384615385
15571993,T,A,5,12,0.416666667
15572012,T,C,5,13,0.384615385
15901665,A,G,4,14,0.285714286
16240917,G,A,2,5,0.4
16333685,G,A,2,5,0.4
16525976,C,T,7,14,0.5
16525978,A,G,7,15,0.466666667
16590118,C,T,2,9,0.222222222
16590196,G,A,3,11,0.272727273
16766346,C,A,5,10,0.5
16766399,A,T,3,6,0.5
16766402,G,A,3,6,0.5
16833818,G,A,8,12,0.666666667
17161691,G,A,6,7,0.857142857
17171872,C,T,3,5,0.6
17934612,G,A,2,4,0.5
18373889,T,A,4,13,0.307692308
18649941,T,G,4,16,0.25
18649969,G,T,3,18,0.166666667
18649990,T,A,4,12,0.333333333
18650006,T,C,6,10,0.6
18650043,G,T,2,9,0.222222222
18743748,T,C,3,12,0.25
19788990,C,T,4,15,0.266666667
20071322,A,T,66,72,0.916666667
20499021,G,A,3,5,0.6
20507394,A,G,2,7,0.285714286
20508056,C,T,4,14,0.285714286
20508141,A,G,4,12,0.333333333
20543911,T,A,4,9,0.444444444
20543928,C,T,3,10,0.3
20828980,T,C,3,5,0.6
20828993,G,T,3,5,0.6
21029283,G,A,6,7,0.857142857
21682646,G,A,7,8,0.875
21695378,G,A,7,9,0.777777778
21732646,G,A,7,7,1
21860208,G,A,5,6,0.833333333
21957934,G,A,5,5,1
22075499,G,A,11,11,1
22076117,G,A,10,10,1
22328342,G,A,5,5,1
22484681,G,A,11,11,1
22675791,T,C,5,9,0.555555556
22675811,T,A,4,8,0.5
22675827,G,A,3,11,0.272727273
22679327,G,A,5,9,0.555555556
22705386,G,A,8,8,1
22791301,C,A,2,11,0.181818182
22791355,C,T,4,14,0.285714286
22791771,G,T,3,9,0.333333333
22791897,A,G,4,9,0.444444444
22851514,C,G,3,13,0.230769231
23151816,G,A,7,7,1
